company_name,business_type,industry,products_services,capabilities,rating,reviews,verified,lead_time_days,moq,capacity,city,state,certifications,established_year,response_time_hours,website
Nova Raw 1,Raw Material Supplier,Nutraceutical,"Whey Protein Isolate 90%, BCAA, Cocoa Powder","Protein Powder, Mass Gainer",3.6,219,Yes,30,25 kg,50 tons/month,Ahmedabad,Maharashtra,"NABL, ISO 9001",2012,2,https://company1.example.com
Titan Raw 2,Raw Material Supplier,Furniture,"Steel Frame, Plywood, Foam","Chair, Table",3.8,23,Yes,30,250 kg,250 tons/month,Mumbai,Maharashtra,"ISO 22000, NABL, FSSAI",1998,4,https://company2.example.com
Elite Raw 3,Raw Material Supplier,Cosmetics,"Aloe Vera, Argan Oil, Shampoo Base","Shampoo, Face Wash",4.1,265,No,8,1000 kg,250 tons/month,Indore,Madhya Pradesh,"RoHS, FSSAI, NABL, ISO 9001",1996,24,https://company3.example.com
Prime Raw 4,Raw Material Supplier,Pharmaceutical,"MCC, Paracetamol API, Gelatin Capsules","Tablet, Capsule",4.0,938,No,13,250 kg,250 tons/month,Mumbai,Madhya Pradesh,"ISO 22000, WHO GMP, CE",2018,2,https://company4.example.com
Elite Raw 5,Raw Material Supplier,Pharmaceutical,"MCC, Gelatin Capsules, Paracetamol API","Tablet, Capsule",4.4,459,No,6,100 kg,50 tons/month,Indore,Telangana,"CE, ISO 22000, Kosher",2024,12,https://company5.example.com
Elite Raw 6,Raw Material Supplier,Cosmetics,"Shampoo Base, Argan Oil, Aloe Vera","Shampoo, Face Wash",4.1,552,Yes,18,5000 units,5000 pallets,Chennai,Telangana,"Halal, NABL, WHO GMP, ISO 22000",1999,12,https://company6.example.com
Nova Raw 7,Raw Material Supplier,Electronics,"PCB, Battery, OLED Display","Smartphone, Earbuds",4.3,1403,No,7,500 kg,100000 units/month,Chennai,Tamil Nadu,"CE, ISO 9001, RoHS, Halal",1998,24,https://company7.example.com
Ultra Raw 8,Raw Material Supplier,Furniture,"Steel Frame, Foam, Plywood","Chair, Table",4.1,939,Yes,19,1000 kg,100 tons/month,Chennai,Gujarat,"CE, FSSAI, ISO 22000, WHO GMP",2019,2,https://company8.example.com
Core Raw 9,Raw Material Supplier,Furniture,"Foam, Plywood, Steel Frame","Chair, Table",3.4,753,No,18,25 kg,100 tons/month,Chennai,Gujarat,"Kosher, ISO 22000",2019,12,https://company9.example.com
Ultra Raw 10,Raw Material Supplier,Pharmaceutical,"Paracetamol API, MCC, Gelatin Capsules","Tablet, Capsule",4.2,1252,No,16,1000 kg,100 tons/month,Bengaluru,Telangana,"RoHS, Kosher, CE",2009,1,https://company10.example.com
Prime Raw 11,Raw Material Supplier,Pharmaceutical,"Paracetamol API, Gelatin Capsules, MCC","Tablet, Capsule",4.3,481,Yes,3,25 kg,50 tons/month,Mumbai,Gujarat,"RoHS, ISO 22000",2011,2,https://company11.example.com
Titan Raw 12,Raw Material Supplier,Cosmetics,"Aloe Vera, Argan Oil, Shampoo Base","Shampoo, Face Wash",3.6,1179,No,18,500 kg,100000 units/month,Mumbai,Gujarat,"Halal, RoHS",2008,8,https://company12.example.com
Prime Raw 13,Raw Material Supplier,Electronics,"Battery, PCB, OLED Display","Smartphone, Earbuds",4.0,704,Yes,18,100 kg,100 tons/month,Chennai,Tamil Nadu,"Halal, WHO GMP",2003,8,https://company13.example.com
Prime Raw 14,Raw Material Supplier,Pharmaceutical,"Paracetamol API, MCC, Gelatin Capsules","Tablet, Capsule",4.4,1117,Yes,8,100 kg,100 tons/month,Hyderabad,Tamil Nadu,"FSSAI, Halal, ISO 9001",2000,8,https://company14.example.com
Ultra Raw 15,Raw Material Supplier,Nutraceutical,"Stevia, BCAA, Creatine","Protein Powder, Mass Gainer",4.0,1148,No,12,100 kg,250 tons/month,Mumbai,Gujarat,"NABL, ISO 9001, RoHS, WHO GMP",1996,1,https://company15.example.com
Titan Raw 16,Raw Material Supplier,Furniture,"Steel Frame, Plywood, Foam","Chair, Table",3.5,390,Yes,7,5000 units,100 tons/month,Hyderabad,Gujarat,"FSSAI, ISO 9001, CE, Kosher",2008,24,https://company16.example.com
Nova Raw 17,Raw Material Supplier,Furniture,"Foam, Steel Frame, Plywood","Chair, Table",4.4,653,Yes,19,500 kg,100 tons/month,Bengaluru,Madhya Pradesh,"Kosher, RoHS, Halal",2024,1,https://company17.example.com
Titan Raw 18,Raw Material Supplier,Nutraceutical,"Stevia, Whey Protein Isolate 90%, Cocoa Powder","Protein Powder, Mass Gainer",3.7,553,Yes,25,25 kg,100 tons/month,Pune,Telangana,"Kosher, CE",2014,24,https://company18.example.com
Nova Raw 19,Raw Material Supplier,Furniture,"Plywood, Steel Frame, Foam","Chair, Table",3.8,229,Yes,20,250 kg,5000 pallets,Mumbai,Madhya Pradesh,"FSSAI, CE, Kosher",2010,4,https://company19.example.com
Prime Raw 20,Raw Material Supplier,Nutraceutical,"Whey Protein Isolate 90%, Stevia, Creatine","Protein Powder, Mass Gainer",3.4,277,No,13,5000 units,100000 units/month,Chennai,Madhya Pradesh,"NABL, ISO 9001, Kosher",1997,24,https://company20.example.com
Titan Raw 21,Raw Material Supplier,Pharmaceutical,"Gelatin Capsules, Paracetamol API, MCC","Tablet, Capsule",4.2,890,Yes,5,250 kg,250 tons/month,Indore,Gujarat,"FSSAI, NABL, RoHS",1998,4,https://company21.example.com
Nova Raw 22,Raw Material Supplier,Furniture,"Steel Frame, Plywood, Foam","Chair, Table",4.9,372,No,4,100 kg,250 tons/month,Indore,Tamil Nadu,"FSSAI, CE, ISO 22000, RoHS",1998,8,https://company22.example.com
Core Raw 23,Raw Material Supplier,Nutraceutical,"Stevia, Creatine, Whey Protein Isolate 90%","Protein Powder, Mass Gainer",3.9,476,Yes,4,5000 units,100 tons/month,Hyderabad,Telangana,"ISO 22000, CE, WHO GMP",2015,12,https://company23.example.com
Prime Raw 24,Raw Material Supplier,Electronics,"Battery, OLED Display, PCB","Smartphone, Earbuds",4.7,544,Yes,19,25 kg,50 tons/month,Chennai,Tamil Nadu,"RoHS, Halal, CE",2011,1,https://company24.example.com
Prime Raw 25,Raw Material Supplier,Electronics,"Battery, PCB, OLED Display","Smartphone, Earbuds",4.5,13,Yes,26,500 kg,50 tons/month,Bengaluru,Telangana,"RoHS, ISO 22000, NABL, WHO GMP",2011,4,https://company25.example.com
Titan Raw 26,Raw Material Supplier,Electronics,"OLED Display, Battery, PCB","Smartphone, Earbuds",3.6,871,No,14,1000 kg,5000 pallets,Pune,Tamil Nadu,"ISO 9001, CE, WHO GMP, ISO 22000",2008,12,https://company26.example.com
Core Raw 27,Raw Material Supplier,Furniture,"Foam, Steel Frame, Plywood","Chair, Table",4.1,447,No,13,5000 units,50 tons/month,Pune,Karnataka,"RoHS, ISO 22000, Halal, Kosher",2016,4,https://company27.example.com
Prime Raw 28,Raw Material Supplier,Pharmaceutical,"Paracetamol API, Gelatin Capsules, MCC","Tablet, Capsule",3.8,983,Yes,32,500 kg,5000 pallets,Mumbai,Madhya Pradesh,"Halal, Kosher, FSSAI, ISO 22000",1999,24,https://company28.example.com
Nova Raw 29,Raw Material Supplier,Nutraceutical,"Whey Protein Isolate 90%, Stevia, Cocoa Powder","Protein Powder, Mass Gainer",4.6,1435,No,6,1000 kg,100 tons/month,Indore,Gujarat,"WHO GMP, Kosher, RoHS",2011,12,https://company29.example.com
Titan Raw 30,Raw Material Supplier,Furniture,"Steel Frame, Foam, Plywood","Chair, Table",4.1,335,No,31,250 kg,100 tons/month,Indore,Madhya Pradesh,"NABL, Kosher, RoHS",2002,4,https://company30.example.com
Ultra Raw 31,Raw Material Supplier,Electronics,"PCB, OLED Display, Battery","Smartphone, Earbuds",3.9,1116,Yes,11,100 kg,100 tons/month,Hyderabad,Madhya Pradesh,"FSSAI, ISO 22000",2008,8,https://company31.example.com
Prime Raw 32,Raw Material Supplier,Cosmetics,"Aloe Vera, Argan Oil, Shampoo Base","Shampoo, Face Wash",3.7,870,No,4,1000 kg,100000 units/month,Hyderabad,Gujarat,"CE, Halal, Kosher",2023,8,https://company32.example.com
Nova Raw 33,Raw Material Supplier,Furniture,"Foam, Plywood, Steel Frame","Chair, Table",3.8,1004,Yes,27,250 kg,100000 units/month,Bengaluru,Maharashtra,"WHO GMP, ISO 9001, FSSAI",2013,12,https://company33.example.com
Core Raw 34,Raw Material Supplier,Nutraceutical,"Whey Protein Isolate 90%, Stevia, Cocoa Powder","Protein Powder, Mass Gainer",3.7,542,No,23,100 kg,100000 units/month,Pune,Telangana,"CE, Halal, WHO GMP",2021,1,https://company34.example.com
Nova Raw 35,Raw Material Supplier,Electronics,"PCB, Battery, OLED Display","Smartphone, Earbuds",4.4,1344,Yes,4,100 kg,100 tons/month,Indore,Gujarat,"WHO GMP, FSSAI, ISO 22000, Kosher",2016,1,https://company35.example.com
Ultra Raw 36,Raw Material Supplier,Furniture,"Plywood, Steel Frame, Foam","Chair, Table",3.7,1253,Yes,13,250 kg,50 tons/month,Chennai,Gujarat,"Halal, NABL, RoHS",2001,1,https://company36.example.com
Elite Raw 37,Raw Material Supplier,Furniture,"Foam, Plywood, Steel Frame","Chair, Table",4.6,1411,Yes,5,250 kg,5000 pallets,Hyderabad,Madhya Pradesh,"ISO 22000, RoHS, ISO 9001",2022,8,https://company37.example.com
Elite Raw 38,Raw Material Supplier,Electronics,"PCB, OLED Display, Battery","Smartphone, Earbuds",4.7,951,Yes,30,100 kg,5000 pallets,Bengaluru,Telangana,"NABL, Kosher, FSSAI, Halal",2021,24,https://company38.example.com
Prime Raw 39,Raw Material Supplier,Furniture,"Steel Frame, Foam, Plywood","Chair, Table",3.8,933,Yes,32,1000 kg,5000 pallets,Bengaluru,Tamil Nadu,"ISO 9001, Kosher, Halal",2005,2,https://company39.example.com
Ultra Raw 40,Raw Material Supplier,Electronics,"PCB, OLED Display, Battery","Smartphone, Earbuds",3.8,1230,No,3,1000 kg,100 tons/month,Ahmedabad,Maharashtra,"Halal, Kosher, CE, ISO 22000",2017,8,https://company40.example.com
Ultra Raw 41,Raw Material Supplier,Electronics,"OLED Display, PCB, Battery","Smartphone, Earbuds",3.7,1426,Yes,22,5000 units,5000 pallets,Pune,Tamil Nadu,"NABL, RoHS, FSSAI, Kosher",2012,4,https://company41.example.com
Ultra Raw 42,Raw Material Supplier,Cosmetics,"Aloe Vera, Argan Oil, Shampoo Base","Shampoo, Face Wash",3.8,257,Yes,23,25 kg,5000 pallets,Indore,Madhya Pradesh,"FSSAI, NABL",2018,8,https://company42.example.com
Nova Raw 43,Raw Material Supplier,Cosmetics,"Aloe Vera, Argan Oil, Shampoo Base","Shampoo, Face Wash",3.8,749,Yes,22,25 kg,5000 pallets,Mumbai,Telangana,"ISO 9001, CE",2017,2,https://company43.example.com
Core Raw 44,Raw Material Supplier,Electronics,"PCB, Battery, OLED Display","Smartphone, Earbuds",4.1,707,Yes,6,250 kg,100000 units/month,Ahmedabad,Gujarat,"Kosher, ISO 22000, CE",2015,24,https://company44.example.com
Ultra Raw 45,Raw Material Supplier,Nutraceutical,"Creatine, Cocoa Powder, BCAA","Protein Powder, Mass Gainer",3.5,518,Yes,29,1000 kg,5000 pallets,Indore,Karnataka,"NABL, Halal",2009,8,https://company45.example.com
Titan Raw 46,Raw Material Supplier,Cosmetics,"Aloe Vera, Argan Oil, Shampoo Base","Shampoo, Face Wash",4.3,1258,Yes,16,5000 units,100 tons/month,Pune,Madhya Pradesh,"WHO GMP, FSSAI",2000,12,https://company46.example.com
Core Raw 47,Raw Material Supplier,Nutraceutical,"Creatine, Whey Protein Isolate 90%, Cocoa Powder","Protein Powder, Mass Gainer",4.4,972,No,5,100 kg,250 tons/month,Bengaluru,Telangana,"Kosher, ISO 22000, RoHS, NABL",2024,4,https://company47.example.com
Prime Raw 48,Raw Material Supplier,Furniture,"Foam, Plywood, Steel Frame","Chair, Table",4.2,1336,Yes,20,100 kg,50 tons/month,Ahmedabad,Maharashtra,"CE, Kosher, ISO 9001",2009,24,https://company48.example.com
Titan Raw 49,Raw Material Supplier,Cosmetics,"Aloe Vera, Argan Oil, Shampoo Base","Shampoo, Face Wash",4.2,906,Yes,5,500 kg,250 tons/month,Chennai,Telangana,"ISO 22000, FSSAI",2016,12,https://company49.example.com
Nova Raw 50,Raw Material Supplier,Furniture,"Plywood, Steel Frame, Foam","Chair, Table",4.1,1344,No,20,100 kg,5000 pallets,Hyderabad,Madhya Pradesh,"ISO 22000, Kosher, WHO GMP",2008,4,https://company50.example.com
Ultra Raw 51,Raw Material Supplier,Cosmetics,"Aloe Vera, Shampoo Base, Argan Oil","Shampoo, Face Wash",4.0,1024,No,28,1000 kg,50 tons/month,Hyderabad,Gujarat,"CE, RoHS, ISO 9001",2019,8,https://company51.example.com
Prime Raw 52,Raw Material Supplier,Furniture,"Plywood, Steel Frame, Foam","Chair, Table",3.7,750,No,31,25 kg,100 tons/month,Pune,Karnataka,"CE, Kosher",2023,24,https://company52.example.com
Elite Raw 53,Raw Material Supplier,Electronics,"PCB, Battery, OLED Display","Smartphone, Earbuds",3.6,1138,Yes,29,25 kg,100 tons/month,Indore,Gujarat,"ISO 22000, WHO GMP, FSSAI",2024,24,https://company53.example.com
Core Raw 54,Raw Material Supplier,Cosmetics,"Aloe Vera, Argan Oil, Shampoo Base","Shampoo, Face Wash",4.9,509,No,12,500 kg,100 tons/month,Chennai,Karnataka,"WHO GMP, ISO 22000, NABL, FSSAI",2005,12,https://company54.example.com
Titan Raw 55,Raw Material Supplier,Cosmetics,"Shampoo Base, Argan Oil, Aloe Vera","Shampoo, Face Wash",4.3,1361,No,12,500 kg,5000 pallets,Hyderabad,Telangana,"NABL, Halal, FSSAI",2024,4,https://company55.example.com
Nova Raw 56,Raw Material Supplier,Pharmaceutical,"Gelatin Capsules, Paracetamol API, MCC","Tablet, Capsule",4.7,851,Yes,23,5000 units,100000 units/month,Bengaluru,Tamil Nadu,"WHO GMP, Kosher, ISO 9001",1999,12,https://company56.example.com
Prime Raw 57,Raw Material Supplier,Furniture,"Steel Frame, Plywood, Foam","Chair, Table",4.2,945,Yes,12,500 kg,100 tons/month,Ahmedabad,Tamil Nadu,"RoHS, Halal, NABL",1997,4,https://company57.example.com
Titan Raw 58,Raw Material Supplier,Furniture,"Steel Frame, Foam, Plywood","Chair, Table",3.5,150,Yes,21,100 kg,50 tons/month,Hyderabad,Gujarat,"ISO 22000, Kosher, NABL, RoHS",2004,1,https://company58.example.com
Ultra Raw 59,Raw Material Supplier,Nutraceutical,"BCAA, Whey Protein Isolate 90%, Creatine","Protein Powder, Mass Gainer",4.0,308,Yes,29,1000 kg,100 tons/month,Mumbai,Maharashtra,"Halal, FSSAI",2010,12,https://company59.example.com
Core Raw 60,Raw Material Supplier,Pharmaceutical,"Paracetamol API, MCC, Gelatin Capsules","Tablet, Capsule",3.8,29,No,21,5000 units,5000 pallets,Mumbai,Gujarat,"RoHS, CE, NABL",2008,24,https://company60.example.com
Core Raw 61,Raw Material Supplier,Cosmetics,"Argan Oil, Aloe Vera, Shampoo Base","Shampoo, Face Wash",4.7,228,Yes,27,1000 kg,250 tons/month,Chennai,Telangana,"CE, ISO 9001, Halal, RoHS",2007,4,https://company61.example.com
Elite Raw 62,Raw Material Supplier,Nutraceutical,"Cocoa Powder, Whey Protein Isolate 90%, BCAA","Protein Powder, Mass Gainer",4.1,596,Yes,25,100 kg,100 tons/month,Chennai,Telangana,"WHO GMP, ISO 22000, RoHS, Halal",1996,4,https://company62.example.com
Prime Raw 63,Raw Material Supplier,Electronics,"PCB, OLED Display, Battery","Smartphone, Earbuds",4.8,679,No,14,100 kg,100 tons/month,Indore,Karnataka,"NABL, CE, Halal",2000,4,https://company63.example.com
Core Raw 64,Raw Material Supplier,Electronics,"OLED Display, Battery, PCB","Smartphone, Earbuds",4.8,298,Yes,28,1000 kg,250 tons/month,Ahmedabad,Tamil Nadu,"CE, ISO 22000",2009,4,https://company64.example.com
Prime Raw 65,Raw Material Supplier,Cosmetics,"Aloe Vera, Argan Oil, Shampoo Base","Shampoo, Face Wash",4.4,975,Yes,23,1000 kg,100 tons/month,Bengaluru,Gujarat,"Kosher, CE, RoHS, FSSAI",1998,2,https://company65.example.com
Prime Raw 66,Raw Material Supplier,Nutraceutical,"Whey Protein Isolate 90%, BCAA, Creatine","Protein Powder, Mass Gainer",3.5,1110,Yes,27,500 kg,250 tons/month,Bengaluru,Madhya Pradesh,"NABL, Halal, CE, RoHS",2018,2,https://company66.example.com
Titan Raw 67,Raw Material Supplier,Electronics,"Battery, PCB, OLED Display","Smartphone, Earbuds",4.0,582,Yes,26,100 kg,100000 units/month,Hyderabad,Maharashtra,"ISO 22000, RoHS, CE",2023,24,https://company67.example.com
Nova Raw 68,Raw Material Supplier,Cosmetics,"Shampoo Base, Argan Oil, Aloe Vera","Shampoo, Face Wash",4.9,941,Yes,16,5000 units,5000 pallets,Ahmedabad,Gujarat,"FSSAI, WHO GMP, Halal",2013,2,https://company68.example.com
Nova Raw 69,Raw Material Supplier,Nutraceutical,"Cocoa Powder, Creatine, BCAA","Protein Powder, Mass Gainer",4.6,487,No,12,1000 kg,50 tons/month,Pune,Maharashtra,"NABL, CE",2020,2,https://company69.example.com
Ultra Raw 70,Raw Material Supplier,Nutraceutical,"Whey Protein Isolate 90%, Creatine, Cocoa Powder","Protein Powder, Mass Gainer",4.6,497,No,4,100 kg,250 tons/month,Ahmedabad,Maharashtra,"Halal, ISO 22000, RoHS, ISO 9001",2010,8,https://company70.example.com
Titan Contract 71,Contract Manufacturer,Cosmetics,"Aloe Vera, Shampoo Base, Argan Oil","Shampoo, Face Wash",3.7,1269,Yes,22,500 kg,50 tons/month,Ahmedabad,Tamil Nadu,"Halal, ISO 22000, FSSAI",2017,8,https://company71.example.com
Nova Contract 72,Contract Manufacturer,Nutraceutical,"Whey Protein Isolate 90%, BCAA, Stevia","Protein Powder, Mass Gainer",3.5,573,No,27,1000 kg,5000 pallets,Pune,Tamil Nadu,"Halal, ISO 22000, NABL, RoHS",1998,24,https://company72.example.com
Core Contract 73,Contract Manufacturer,Furniture,"Foam, Plywood, Steel Frame","Chair, Table",4.7,857,No,32,500 kg,100000 units/month,Bengaluru,Gujarat,"Halal, RoHS, Kosher",2003,4,https://company73.example.com
Prime Contract 74,Contract Manufacturer,Pharmaceutical,"Gelatin Capsules, MCC, Paracetamol API","Tablet, Capsule",4.6,200,No,9,5000 units,250 tons/month,Indore,Maharashtra,"ISO 9001, RoHS, Kosher, NABL",2008,4,https://company74.example.com
Titan Contract 75,Contract Manufacturer,Electronics,"Battery, PCB, OLED Display","Smartphone, Earbuds",3.9,222,Yes,12,5000 units,100000 units/month,Mumbai,Gujarat,"NABL, RoHS, ISO 9001",2019,4,https://company75.example.com
Titan Contract 76,Contract Manufacturer,Furniture,"Plywood, Steel Frame, Foam","Chair, Table",4.8,1430,No,4,100 kg,250 tons/month,Bengaluru,Telangana,"RoHS, ISO 9001, ISO 22000",2022,2,https://company76.example.com
Nova Contract 77,Contract Manufacturer,Furniture,"Foam, Steel Frame, Plywood","Chair, Table",4.5,72,Yes,16,500 kg,100000 units/month,Hyderabad,Telangana,"RoHS, CE",2018,4,https://company77.example.com
Nova Contract 78,Contract Manufacturer,Furniture,"Foam, Plywood, Steel Frame","Chair, Table",3.6,1275,Yes,8,250 kg,100000 units/month,Bengaluru,Tamil Nadu,"Kosher, Halal, WHO GMP",2001,12,https://company78.example.com
Ultra Contract 79,Contract Manufacturer,Nutraceutical,"BCAA, Stevia, Whey Protein Isolate 90%","Protein Powder, Mass Gainer",4.4,1224,No,22,25 kg,100 tons/month,Hyderabad,Karnataka,"ISO 9001, FSSAI",2004,2,https://company79.example.com
Prime Contract 80,Contract Manufacturer,Pharmaceutical,"MCC, Gelatin Capsules, Paracetamol API","Tablet, Capsule",3.4,891,Yes,11,500 kg,5000 pallets,Bengaluru,Maharashtra,"NABL, RoHS, ISO 9001, FSSAI",2022,24,https://company80.example.com
Prime Contract 81,Contract Manufacturer,Nutraceutical,"Stevia, Whey Protein Isolate 90%, Creatine","Protein Powder, Mass Gainer",4.7,1189,No,28,5000 units,100000 units/month,Pune,Gujarat,"ISO 9001, RoHS, ISO 22000",2020,12,https://company81.example.com
Core Contract 82,Contract Manufacturer,Electronics,"Battery, OLED Display, PCB","Smartphone, Earbuds",4.7,508,No,28,1000 kg,50 tons/month,Hyderabad,Telangana,"RoHS, FSSAI, WHO GMP, ISO 22000",1997,12,https://company82.example.com
Ultra Contract 83,Contract Manufacturer,Nutraceutical,"Cocoa Powder, Creatine, Stevia","Protein Powder, Mass Gainer",4.5,1331,Yes,18,25 kg,100 tons/month,Pune,Maharashtra,"WHO GMP, ISO 22000",2000,24,https://company83.example.com
Elite Contract 84,Contract Manufacturer,Electronics,"OLED Display, Battery, PCB","Smartphone, Earbuds",3.9,910,Yes,33,500 kg,250 tons/month,Indore,Telangana,"ISO 9001, RoHS, CE, NABL",2004,8,https://company84.example.com
Ultra Contract 85,Contract Manufacturer,Electronics,"PCB, Battery, OLED Display","Smartphone, Earbuds",3.5,194,No,32,1000 kg,5000 pallets,Indore,Madhya Pradesh,"Kosher, FSSAI",2005,12,https://company85.example.com
Core Contract 86,Contract Manufacturer,Electronics,"Battery, PCB, OLED Display","Smartphone, Earbuds",3.6,713,Yes,35,5000 units,100 tons/month,Ahmedabad,Maharashtra,"Kosher, NABL, CE, Halal",2014,2,https://company86.example.com
Core Contract 87,Contract Manufacturer,Cosmetics,"Argan Oil, Aloe Vera, Shampoo Base","Shampoo, Face Wash",4.6,1400,Yes,24,25 kg,250 tons/month,Ahmedabad,Karnataka,"Halal, CE, WHO GMP, RoHS",2022,24,https://company87.example.com
Titan Contract 88,Contract Manufacturer,Furniture,"Plywood, Steel Frame, Foam","Chair, Table",4.4,726,No,28,100 kg,5000 pallets,Bengaluru,Gujarat,"NABL, Halal, RoHS",2020,4,https://company88.example.com
Titan Contract 89,Contract Manufacturer,Pharmaceutical,"Gelatin Capsules, Paracetamol API, MCC","Tablet, Capsule",3.9,752,No,14,100 kg,250 tons/month,Indore,Tamil Nadu,"FSSAI, WHO GMP",1999,1,https://company89.example.com
Titan Contract 90,Contract Manufacturer,Cosmetics,"Shampoo Base, Aloe Vera, Argan Oil","Shampoo, Face Wash",3.6,781,Yes,13,100 kg,5000 pallets,Indore,Maharashtra,"Kosher, ISO 9001, FSSAI, WHO GMP",2016,24,https://company90.example.com
Nova Contract 91,Contract Manufacturer,Pharmaceutical,"MCC, Gelatin Capsules, Paracetamol API","Tablet, Capsule",4.2,643,No,15,250 kg,5000 pallets,Hyderabad,Tamil Nadu,"Halal, NABL, ISO 22000",2021,2,https://company91.example.com
Elite Contract 92,Contract Manufacturer,Furniture,"Plywood, Steel Frame, Foam","Chair, Table",4.1,770,Yes,10,250 kg,50 tons/month,Indore,Maharashtra,"Kosher, WHO GMP, Halal",2008,1,https://company92.example.com
Core Contract 93,Contract Manufacturer,Pharmaceutical,"MCC, Gelatin Capsules, Paracetamol API","Tablet, Capsule",3.5,1038,No,18,500 kg,50 tons/month,Pune,Maharashtra,"RoHS, ISO 22000",2021,24,https://company93.example.com
Ultra Contract 94,Contract Manufacturer,Cosmetics,"Shampoo Base, Aloe Vera, Argan Oil","Shampoo, Face Wash",4.8,977,Yes,33,500 kg,5000 pallets,Ahmedabad,Gujarat,"CE, FSSAI",2021,2,https://company94.example.com
Ultra Contract 95,Contract Manufacturer,Furniture,"Foam, Steel Frame, Plywood","Chair, Table",3.8,259,Yes,18,500 kg,5000 pallets,Hyderabad,Gujarat,"Kosher, ISO 9001",2015,12,https://company95.example.com
Core Contract 96,Contract Manufacturer,Furniture,"Plywood, Foam, Steel Frame","Chair, Table",3.4,732,Yes,29,100 kg,50 tons/month,Chennai,Telangana,"NABL, ISO 9001",2007,8,https://company96.example.com
Elite Contract 97,Contract Manufacturer,Nutraceutical,"Stevia, BCAA, Creatine","Protein Powder, Mass Gainer",3.4,148,No,18,5000 units,50 tons/month,Indore,Karnataka,"RoHS, WHO GMP, ISO 9001, Kosher",2012,4,https://company97.example.com
Elite Contract 98,Contract Manufacturer,Pharmaceutical,"Gelatin Capsules, MCC, Paracetamol API","Tablet, Capsule",3.7,286,Yes,32,25 kg,250 tons/month,Mumbai,Gujarat,"ISO 9001, RoHS",2024,4,https://company98.example.com
Prime Contract 99,Contract Manufacturer,Furniture,"Steel Frame, Foam, Plywood","Chair, Table",4.5,401,No,25,25 kg,250 tons/month,Pune,Gujarat,"Halal, NABL, RoHS",2009,8,https://company99.example.com
Ultra Contract 100,Contract Manufacturer,Cosmetics,"Shampoo Base, Argan Oil, Aloe Vera","Shampoo, Face Wash",4.8,1073,No,8,5000 units,100000 units/month,Ahmedabad,Tamil Nadu,"WHO GMP, CE, NABL, ISO 9001",1997,4,https://company100.example.com
Nova Contract 101,Contract Manufacturer,Cosmetics,"Argan Oil, Aloe Vera, Shampoo Base","Shampoo, Face Wash",4.4,729,No,5,5000 units,250 tons/month,Chennai,Tamil Nadu,"ISO 9001, ISO 22000, RoHS",2015,8,https://company101.example.com
Nova Contract 102,Contract Manufacturer,Cosmetics,"Aloe Vera, Shampoo Base, Argan Oil","Shampoo, Face Wash",4.7,1398,No,5,100 kg,50 tons/month,Mumbai,Madhya Pradesh,"RoHS, Halal, CE",1996,12,https://company102.example.com
Ultra Contract 103,Contract Manufacturer,Pharmaceutical,"Gelatin Capsules, MCC, Paracetamol API","Tablet, Capsule",4.1,167,Yes,26,500 kg,250 tons/month,Bengaluru,Telangana,"ISO 22000, ISO 9001",2018,2,https://company103.example.com
Ultra Contract 104,Contract Manufacturer,Electronics,"Battery, OLED Display, PCB","Smartphone, Earbuds",4.6,1451,No,16,1000 kg,250 tons/month,Bengaluru,Tamil Nadu,"ISO 22000, WHO GMP",2022,1,https://company104.example.com
Elite Contract 105,Contract Manufacturer,Electronics,"PCB, OLED Display, Battery","Smartphone, Earbuds",4.9,664,No,7,1000 kg,5000 pallets,Pune,Telangana,"WHO GMP, RoHS",2011,2,https://company105.example.com
Core Contract 106,Contract Manufacturer,Nutraceutical,"Creatine, Cocoa Powder, Whey Protein Isolate 90%","Protein Powder, Mass Gainer",3.4,1144,No,32,1000 kg,100 tons/month,Chennai,Gujarat,"CE, Halal",2017,24,https://company106.example.com
Titan Contract 107,Contract Manufacturer,Electronics,"Battery, OLED Display, PCB","Smartphone, Earbuds",3.5,659,Yes,31,500 kg,5000 pallets,Pune,Maharashtra,"WHO GMP, NABL, FSSAI, CE",2024,1,https://company107.example.com
Nova Contract 108,Contract Manufacturer,Nutraceutical,"Cocoa Powder, Creatine, Stevia","Protein Powder, Mass Gainer",3.6,1462,Yes,25,1000 kg,250 tons/month,Indore,Gujarat,"FSSAI, CE, ISO 22000",2015,4,https://company108.example.com
Titan Contract 109,Contract Manufacturer,Furniture,"Foam, Plywood, Steel Frame","Chair, Table",4.8,325,Yes,24,1000 kg,50 tons/month,Indore,Gujarat,"ISO 9001, CE",2015,2,https://company109.example.com
Elite Contract 110,Contract Manufacturer,Furniture,"Steel Frame, Plywood, Foam","Chair, Table",4.2,1324,No,33,100 kg,100000 units/month,Pune,Tamil Nadu,"ISO 9001, WHO GMP",2009,8,https://company110.example.com
Titan Contract 111,Contract Manufacturer,Electronics,"OLED Display, PCB, Battery","Smartphone, Earbuds",3.6,1481,No,25,500 kg,100 tons/month,Indore,Telangana,"NABL, ISO 22000, WHO GMP, Kosher",2009,1,https://company111.example.com
Prime Contract 112,Contract Manufacturer,Cosmetics,"Argan Oil, Shampoo Base, Aloe Vera","Shampoo, Face Wash",3.5,796,No,18,100 kg,250 tons/month,Chennai,Madhya Pradesh,"FSSAI, WHO GMP, NABL",2011,8,https://company112.example.com
Prime Contract 113,Contract Manufacturer,Electronics,"OLED Display, Battery, PCB","Smartphone, Earbuds",4.8,1045,No,18,100 kg,5000 pallets,Pune,Gujarat,"CE, Kosher",2014,24,https://company113.example.com
Core Contract 114,Contract Manufacturer,Electronics,"OLED Display, PCB, Battery","Smartphone, Earbuds",3.6,551,No,28,250 kg,50 tons/month,Hyderabad,Gujarat,"NABL, FSSAI, WHO GMP, CE",2004,1,https://company114.example.com
Titan Contract 115,Contract Manufacturer,Electronics,"Battery, OLED Display, PCB","Smartphone, Earbuds",4.4,253,Yes,9,500 kg,250 tons/month,Indore,Telangana,"RoHS, WHO GMP, ISO 22000, CE",2011,8,https://company115.example.com
Nova Contract 116,Contract Manufacturer,Furniture,"Plywood, Foam, Steel Frame","Chair, Table",4.5,980,No,12,1000 kg,5000 pallets,Mumbai,Telangana,"RoHS, WHO GMP, FSSAI, CE",2018,4,https://company116.example.com
Core Contract 117,Contract Manufacturer,Furniture,"Steel Frame, Foam, Plywood","Chair, Table",4.6,764,No,10,500 kg,5000 pallets,Pune,Madhya Pradesh,"ISO 9001, Kosher, WHO GMP, RoHS",2020,12,https://company117.example.com
Nova Contract 118,Contract Manufacturer,Furniture,"Plywood, Foam, Steel Frame","Chair, Table",4.2,1486,No,12,5000 units,100 tons/month,Ahmedabad,Karnataka,"ISO 22000, FSSAI, ISO 9001, Kosher",2005,8,https://company118.example.com
Titan Contract 119,Contract Manufacturer,Pharmaceutical,"MCC, Paracetamol API, Gelatin Capsules","Tablet, Capsule",4.6,975,Yes,11,1000 kg,100 tons/month,Chennai,Telangana,"Kosher, Halal, WHO GMP, ISO 22000",2009,12,https://company119.example.com
Titan Contract 120,Contract Manufacturer,Cosmetics,"Aloe Vera, Argan Oil, Shampoo Base","Shampoo, Face Wash",4.1,514,No,22,100 kg,250 tons/month,Indore,Telangana,"FSSAI, Kosher, WHO GMP, NABL",2006,12,https://company120.example.com
Core Contract 121,Contract Manufacturer,Cosmetics,"Argan Oil, Shampoo Base, Aloe Vera","Shampoo, Face Wash",4.6,309,No,5,250 kg,50 tons/month,Pune,Tamil Nadu,"CE, Kosher, ISO 22000, Halal",2021,12,https://company121.example.com
Prime Contract 122,Contract Manufacturer,Cosmetics,"Aloe Vera, Argan Oil, Shampoo Base","Shampoo, Face Wash",4.3,1211,Yes,18,25 kg,5000 pallets,Mumbai,Madhya Pradesh,"ISO 9001, ISO 22000",2008,4,https://company122.example.com
Titan Contract 123,Contract Manufacturer,Electronics,"PCB, Battery, OLED Display","Smartphone, Earbuds",4.9,333,No,33,500 kg,100 tons/month,Indore,Telangana,"CE, ISO 9001, Halal",1997,24,https://company123.example.com
Core Contract 124,Contract Manufacturer,Furniture,"Plywood, Foam, Steel Frame","Chair, Table",4.7,370,Yes,28,500 kg,100 tons/month,Bengaluru,Telangana,"ISO 9001, CE",2013,12,https://company124.example.com
Elite Contract 125,Contract Manufacturer,Nutraceutical,"BCAA, Cocoa Powder, Creatine","Protein Powder, Mass Gainer",4.2,1021,Yes,35,500 kg,250 tons/month,Mumbai,Gujarat,"WHO GMP, Kosher, RoHS",2003,24,https://company125.example.com
Titan Contract 126,Contract Manufacturer,Pharmaceutical,"Paracetamol API, MCC, Gelatin Capsules","Tablet, Capsule",4.4,405,Yes,28,500 kg,5000 pallets,Pune,Gujarat,"ISO 22000, WHO GMP, NABL",2010,4,https://company126.example.com
Nova Contract 127,Contract Manufacturer,Pharmaceutical,"Paracetamol API, MCC, Gelatin Capsules","Tablet, Capsule",4.1,556,No,22,1000 kg,5000 pallets,Ahmedabad,Telangana,"RoHS, FSSAI, ISO 9001, NABL",1998,8,https://company127.example.com
Elite Contract 128,Contract Manufacturer,Cosmetics,"Shampoo Base, Argan Oil, Aloe Vera","Shampoo, Face Wash",3.6,614,No,17,100 kg,100 tons/month,Hyderabad,Maharashtra,"RoHS, Halal, NABL",2012,8,https://company128.example.com
Elite Contract 129,Contract Manufacturer,Furniture,"Foam, Plywood, Steel Frame","Chair, Table",4.5,177,No,26,25 kg,5000 pallets,Ahmedabad,Gujarat,"NABL, FSSAI, CE, Halal",1999,2,https://company129.example.com
Elite Contract 130,Contract Manufacturer,Cosmetics,"Aloe Vera, Argan Oil, Shampoo Base","Shampoo, Face Wash",3.7,1204,No,8,1000 kg,100000 units/month,Indore,Gujarat,"WHO GMP, Halal, FSSAI",2013,1,https://company130.example.com
Core Packaging 131,Packaging Company,Furniture,"PET Jars, HDPE Bottles, Pouches","Label Printing, Filling",4.4,641,Yes,28,250 kg,50 tons/month,Bengaluru,Maharashtra,"ISO 22000, ISO 9001, FSSAI, WHO GMP",2017,1,https://company131.example.com
Prime Packaging 132,Packaging Company,Furniture,"PET Jars, HDPE Bottles, Pouches","Label Printing, Filling",4.8,151,No,5,250 kg,100000 units/month,Mumbai,Maharashtra,"Halal, RoHS, FSSAI, NABL",2022,8,https://company132.example.com
Prime Packaging 133,Packaging Company,Electronics,"PET Jars, HDPE Bottles, Pouches","Label Printing, Filling",4.4,1365,Yes,25,25 kg,100 tons/month,Chennai,Tamil Nadu,"WHO GMP, FSSAI, Halal, ISO 9001",2019,1,https://company133.example.com
Core Packaging 134,Packaging Company,Cosmetics,"PET Jars, HDPE Bottles, Pouches","Label Printing, Filling",4.4,1125,No,27,100 kg,100 tons/month,Hyderabad,Telangana,"CE, FSSAI",2024,24,https://company134.example.com
Prime Packaging 135,Packaging Company,Nutraceutical,"PET Jars, HDPE Bottles, Pouches","Label Printing, Filling",4.6,868,Yes,18,100 kg,50 tons/month,Ahmedabad,Karnataka,"Kosher, ISO 9001",2002,24,https://company135.example.com
Core Packaging 136,Packaging Company,Nutraceutical,"PET Jars, HDPE Bottles, Pouches","Label Printing, Filling",4.1,1115,Yes,6,100 kg,5000 pallets,Pune,Maharashtra,"RoHS, NABL, ISO 22000, WHO GMP",2023,2,https://company136.example.com
Nova Packaging 137,Packaging Company,Furniture,"PET Jars, HDPE Bottles, Pouches","Label Printing, Filling",4.0,573,Yes,14,5000 units,100000 units/month,Chennai,Tamil Nadu,"RoHS, Halal",2020,12,https://company137.example.com
Elite Packaging 138,Packaging Company,Cosmetics,"PET Jars, HDPE Bottles, Pouches","Label Printing, Filling",4.0,315,No,27,100 kg,5000 pallets,Hyderabad,Maharashtra,"CE, WHO GMP",2020,8,https://company138.example.com
Titan Packaging 139,Packaging Company,Nutraceutical,"PET Jars, HDPE Bottles, Pouches","Label Printing, Filling",4.0,863,Yes,27,100 kg,250 tons/month,Mumbai,Telangana,"ISO 22000, Kosher, Halal, WHO GMP",1997,12,https://company139.example.com
Prime Packaging 140,Packaging Company,Pharmaceutical,"PET Jars, HDPE Bottles, Pouches","Label Printing, Filling",3.8,1389,Yes,7,100 kg,5000 pallets,Bengaluru,Madhya Pradesh,"FSSAI, Kosher, ISO 22000, WHO GMP",2004,1,https://company140.example.com
Nova Packaging 141,Packaging Company,Pharmaceutical,"PET Jars, HDPE Bottles, Pouches","Label Printing, Filling",4.8,250,No,18,5000 units,5000 pallets,Bengaluru,Maharashtra,"FSSAI, RoHS, Halal",2004,8,https://company141.example.com
Titan Packaging 142,Packaging Company,Electronics,"PET Jars, HDPE Bottles, Pouches","Label Printing, Filling",4.4,641,No,26,1000 kg,100000 units/month,Hyderabad,Gujarat,"Kosher, RoHS, ISO 22000, WHO GMP",2005,8,https://company142.example.com
Titan Packaging 143,Packaging Company,Nutraceutical,"PET Jars, HDPE Bottles, Pouches","Label Printing, Filling",4.7,308,Yes,19,1000 kg,5000 pallets,Chennai,Madhya Pradesh,"CE, WHO GMP, ISO 22000",2005,2,https://company143.example.com
Titan Packaging 144,Packaging Company,Electronics,"PET Jars, HDPE Bottles, Pouches","Label Printing, Filling",4.7,1032,No,19,500 kg,100000 units/month,Hyderabad,Maharashtra,"RoHS, WHO GMP, ISO 22000, NABL",2012,8,https://company144.example.com
Titan Packaging 145,Packaging Company,Pharmaceutical,"PET Jars, HDPE Bottles, Pouches","Label Printing, Filling",4.9,130,Yes,7,5000 units,50 tons/month,Indore,Gujarat,"WHO GMP, FSSAI, ISO 9001",2017,2,https://company145.example.com
Nova Packaging 146,Packaging Company,Nutraceutical,"PET Jars, HDPE Bottles, Pouches","Label Printing, Filling",4.2,774,Yes,33,5000 units,100000 units/month,Ahmedabad,Gujarat,"NABL, Halal, ISO 9001, Kosher",2011,24,https://company146.example.com
Titan Packaging 147,Packaging Company,Cosmetics,"PET Jars, HDPE Bottles, Pouches","Label Printing, Filling",4.9,45,No,14,25 kg,50 tons/month,Chennai,Maharashtra,"FSSAI, CE",2021,4,https://company147.example.com
Core Packaging 148,Packaging Company,Cosmetics,"PET Jars, HDPE Bottles, Pouches","Label Printing, Filling",3.5,841,No,18,5000 units,100 tons/month,Pune,Madhya Pradesh,"ISO 9001, ISO 22000",2007,8,https://company148.example.com
Titan Packaging 149,Packaging Company,Electronics,"PET Jars, HDPE Bottles, Pouches","Label Printing, Filling",4.1,1314,Yes,13,25 kg,100000 units/month,Indore,Tamil Nadu,"RoHS, ISO 22000, CE, ISO 9001",2002,2,https://company149.example.com
Core Packaging 150,Packaging Company,Furniture,"PET Jars, HDPE Bottles, Pouches","Label Printing, Filling",3.8,162,No,5,100 kg,250 tons/month,Ahmedabad,Maharashtra,"WHO GMP, Halal, ISO 9001, NABL",2000,12,https://company150.example.com
Titan Packaging 151,Packaging Company,Pharmaceutical,"PET Jars, HDPE Bottles, Pouches","Label Printing, Filling",4.7,806,No,27,5000 units,100 tons/month,Indore,Madhya Pradesh,"ISO 22000, RoHS, ISO 9001, Halal",2008,2,https://company151.example.com
Ultra Packaging 152,Packaging Company,Nutraceutical,"PET Jars, HDPE Bottles, Pouches","Label Printing, Filling",4.3,1267,No,23,25 kg,250 tons/month,Indore,Tamil Nadu,"FSSAI, RoHS, CE",2007,8,https://company152.example.com
Elite Packaging 153,Packaging Company,Pharmaceutical,"PET Jars, HDPE Bottles, Pouches","Label Printing, Filling",4.3,788,Yes,21,100 kg,50 tons/month,Ahmedabad,Telangana,"Halal, WHO GMP",2018,8,https://company153.example.com
Ultra Packaging 154,Packaging Company,Cosmetics,"PET Jars, HDPE Bottles, Pouches","Label Printing, Filling",3.6,20,No,31,250 kg,250 tons/month,Ahmedabad,Maharashtra,"WHO GMP, Halal",2009,12,https://company154.example.com
Titan Packaging 155,Packaging Company,Furniture,"PET Jars, HDPE Bottles, Pouches","Label Printing, Filling",4.0,63,Yes,25,1000 kg,50 tons/month,Chennai,Karnataka,"Halal, ISO 9001, WHO GMP",2008,8,https://company155.example.com
Elite Packaging 156,Packaging Company,Nutraceutical,"PET Jars, HDPE Bottles, Pouches","Label Printing, Filling",4.8,507,Yes,27,100 kg,100 tons/month,Pune,Telangana,"Kosher, WHO GMP, ISO 9001",2000,8,https://company156.example.com
Core Packaging 157,Packaging Company,Cosmetics,"PET Jars, HDPE Bottles, Pouches","Label Printing, Filling",3.8,167,No,19,100 kg,100000 units/month,Chennai,Karnataka,"Kosher, ISO 22000",1999,4,https://company157.example.com
Core Packaging 158,Packaging Company,Nutraceutical,"PET Jars, HDPE Bottles, Pouches","Label Printing, Filling",3.9,1280,No,24,500 kg,250 tons/month,Hyderabad,Madhya Pradesh,"WHO GMP, CE, NABL, Kosher",2017,2,https://company158.example.com
Ultra Packaging 159,Packaging Company,Electronics,"PET Jars, HDPE Bottles, Pouches","Label Printing, Filling",3.7,825,No,21,5000 units,100000 units/month,Chennai,Maharashtra,"Halal, CE, NABL",2020,8,https://company159.example.com
Prime Packaging 160,Packaging Company,Cosmetics,"PET Jars, HDPE Bottles, Pouches","Label Printing, Filling",4.8,419,Yes,4,5000 units,100000 units/month,Bengaluru,Maharashtra,"CE, ISO 22000, Halal",2022,8,https://company160.example.com
Nova Warehouse 161,Warehouse,Electronics,Warehouse Services,"Ambient Storage, Pallet Storage",4.4,505,No,12,5000 units,100000 units/month,Indore,Tamil Nadu,"Kosher, NABL",2013,8,https://company161.example.com
Titan Warehouse 162,Warehouse,Furniture,Warehouse Services,"Ambient Storage, Pallet Storage",4.8,1426,No,5,250 kg,5000 pallets,Chennai,Madhya Pradesh,"ISO 22000, FSSAI",2016,24,https://company162.example.com
Nova Warehouse 163,Warehouse,Cosmetics,Warehouse Services,"Ambient Storage, Pallet Storage",4.4,100,No,24,500 kg,50 tons/month,Ahmedabad,Gujarat,"FSSAI, NABL, Kosher",2006,8,https://company163.example.com
Elite Warehouse 164,Warehouse,Electronics,Warehouse Services,"Ambient Storage, Pallet Storage",4.3,1034,Yes,25,25 kg,100000 units/month,Ahmedabad,Telangana,"ISO 22000, NABL, Halal",2018,2,https://company164.example.com
Ultra Warehouse 165,Warehouse,Cosmetics,Warehouse Services,"Ambient Storage, Pallet Storage",3.9,433,No,25,500 kg,50 tons/month,Hyderabad,Madhya Pradesh,"Kosher, RoHS, ISO 9001, WHO GMP",1996,24,https://company165.example.com
Prime Warehouse 166,Warehouse,Nutraceutical,Warehouse Services,"Ambient Storage, Pallet Storage",4.7,1337,Yes,13,5000 units,100 tons/month,Chennai,Maharashtra,"WHO GMP, RoHS, CE, FSSAI",2009,2,https://company166.example.com
Elite Warehouse 167,Warehouse,Electronics,Warehouse Services,"Ambient Storage, Pallet Storage",3.7,1321,No,28,25 kg,5000 pallets,Mumbai,Tamil Nadu,"Halal, NABL, ISO 9001, RoHS",2001,2,https://company167.example.com
Elite Warehouse 168,Warehouse,Cosmetics,Warehouse Services,"Ambient Storage, Pallet Storage",4.6,138,Yes,14,250 kg,250 tons/month,Mumbai,Tamil Nadu,"CE, Kosher",2011,24,https://company168.example.com
Titan Warehouse 169,Warehouse,Cosmetics,Warehouse Services,"Ambient Storage, Pallet Storage",4.0,813,Yes,25,250 kg,100000 units/month,Chennai,Maharashtra,"CE, ISO 22000, RoHS, Kosher",2005,1,https://company169.example.com
Ultra Warehouse 170,Warehouse,Pharmaceutical,Warehouse Services,"Ambient Storage, Pallet Storage",3.6,774,Yes,35,500 kg,100000 units/month,Chennai,Maharashtra,"Halal, NABL, ISO 22000, FSSAI",2015,12,https://company170.example.com
Titan Warehouse 171,Warehouse,Pharmaceutical,Warehouse Services,"Ambient Storage, Pallet Storage",3.7,601,Yes,14,250 kg,100000 units/month,Chennai,Gujarat,"ISO 9001, Kosher, ISO 22000",2001,8,https://company171.example.com
Titan Warehouse 172,Warehouse,Furniture,Warehouse Services,"Ambient Storage, Pallet Storage",4.4,847,No,29,5000 units,100000 units/month,Hyderabad,Maharashtra,"ISO 9001, FSSAI",2004,1,https://company172.example.com
Nova Warehouse 173,Warehouse,Cosmetics,Warehouse Services,"Ambient Storage, Pallet Storage",4.2,354,No,34,1000 kg,5000 pallets,Ahmedabad,Karnataka,"CE, RoHS",2012,1,https://company173.example.com
Titan Warehouse 174,Warehouse,Electronics,Warehouse Services,"Ambient Storage, Pallet Storage",3.7,880,Yes,18,250 kg,50 tons/month,Hyderabad,Telangana,"ISO 22000, Kosher, Halal",1998,2,https://company174.example.com
Elite Warehouse 175,Warehouse,Pharmaceutical,Warehouse Services,"Ambient Storage, Pallet Storage",4.3,728,No,13,1000 kg,100 tons/month,Indore,Maharashtra,"ISO 9001, RoHS",2012,4,https://company175.example.com
Titan Warehouse 176,Warehouse,Furniture,Warehouse Services,"Ambient Storage, Pallet Storage",3.7,1451,No,21,1000 kg,250 tons/month,Indore,Karnataka,"ISO 22000, WHO GMP, Halal, FSSAI",2024,1,https://company176.example.com
Elite Warehouse 177,Warehouse,Cosmetics,Warehouse Services,"Ambient Storage, Pallet Storage",3.6,281,Yes,12,5000 units,250 tons/month,Indore,Maharashtra,"Halal, Kosher, ISO 22000, CE",2015,4,https://company177.example.com
Core Warehouse 178,Warehouse,Electronics,Warehouse Services,"Ambient Storage, Pallet Storage",4.1,1307,Yes,28,1000 kg,250 tons/month,Bengaluru,Telangana,"Kosher, RoHS, CE",1995,24,https://company178.example.com
Elite Warehouse 179,Warehouse,Nutraceutical,Warehouse Services,"Ambient Storage, Pallet Storage",4.9,1310,No,7,1000 kg,100000 units/month,Mumbai,Tamil Nadu,"Kosher, CE",2005,4,https://company179.example.com
Titan Warehouse 180,Warehouse,Cosmetics,Warehouse Services,"Ambient Storage, Pallet Storage",4.3,1169,No,24,5000 units,50 tons/month,Ahmedabad,Gujarat,"Kosher, ISO 9001, NABL, ISO 22000",2009,8,https://company180.example.com
Core Warehouse 181,Warehouse,Nutraceutical,Warehouse Services,"Ambient Storage, Pallet Storage",3.7,1420,Yes,22,100 kg,250 tons/month,Ahmedabad,Madhya Pradesh,"CE, ISO 22000, WHO GMP",2016,24,https://company181.example.com
Prime Warehouse 182,Warehouse,Pharmaceutical,Warehouse Services,"Ambient Storage, Pallet Storage",4.0,635,Yes,30,5000 units,50 tons/month,Bengaluru,Gujarat,"FSSAI, Kosher",1997,2,https://company182.example.com
Nova Warehouse 183,Warehouse,Furniture,Warehouse Services,"Ambient Storage, Pallet Storage",4.2,921,Yes,3,5000 units,250 tons/month,Indore,Gujarat,"WHO GMP, Kosher, ISO 9001",2002,8,https://company183.example.com
Elite Warehouse 184,Warehouse,Nutraceutical,Warehouse Services,"Ambient Storage, Pallet Storage",4.6,221,No,26,250 kg,100 tons/month,Hyderabad,Maharashtra,"WHO GMP, ISO 22000, CE, Halal",1995,12,https://company184.example.com
Core Warehouse 185,Warehouse,Pharmaceutical,Warehouse Services,"Ambient Storage, Pallet Storage",3.9,446,Yes,29,1000 kg,100000 units/month,Indore,Maharashtra,"ISO 22000, WHO GMP",2019,1,https://company185.example.com
Elite Logistics 186,Logistics Provider,Furniture,"Road, Air, Sea Logistics","Domestic, Export",4.0,889,No,11,100 kg,250 tons/month,Bengaluru,Gujarat,"NABL, CE",2019,24,https://company186.example.com
Elite Logistics 187,Logistics Provider,Nutraceutical,"Road, Air, Sea Logistics","Domestic, Export",4.7,430,Yes,28,250 kg,50 tons/month,Indore,Maharashtra,"Halal, ISO 22000, Kosher",2010,24,https://company187.example.com
Prime Logistics 188,Logistics Provider,Furniture,"Road, Air, Sea Logistics","Domestic, Export",4.2,34,No,23,100 kg,100000 units/month,Indore,Karnataka,"RoHS, WHO GMP, Halal",2010,1,https://company188.example.com
Titan Logistics 189,Logistics Provider,Nutraceutical,"Road, Air, Sea Logistics","Domestic, Export",3.5,546,Yes,5,25 kg,100000 units/month,Chennai,Telangana,"NABL, Halal, FSSAI, RoHS",2007,1,https://company189.example.com
Titan Logistics 190,Logistics Provider,Furniture,"Road, Air, Sea Logistics","Domestic, Export",4.3,578,Yes,22,25 kg,5000 pallets,Mumbai,Maharashtra,"RoHS, Halal, CE, NABL",2019,24,https://company190.example.com
Ultra Logistics 191,Logistics Provider,Nutraceutical,"Road, Air, Sea Logistics","Domestic, Export",4.4,498,Yes,18,25 kg,100000 units/month,Ahmedabad,Tamil Nadu,"ISO 9001, CE, RoHS, Halal",2016,24,https://company191.example.com
Prime Logistics 192,Logistics Provider,Pharmaceutical,"Road, Air, Sea Logistics","Domestic, Export",3.4,291,Yes,13,500 kg,250 tons/month,Chennai,Karnataka,"CE, WHO GMP, Kosher, ISO 22000",2018,4,https://company192.example.com
Prime Logistics 193,Logistics Provider,Nutraceutical,"Road, Air, Sea Logistics","Domestic, Export",3.9,889,No,7,250 kg,5000 pallets,Bengaluru,Gujarat,"Kosher, RoHS, ISO 9001",2010,12,https://company193.example.com
Ultra Logistics 194,Logistics Provider,Pharmaceutical,"Road, Air, Sea Logistics","Domestic, Export",3.6,220,Yes,17,5000 units,5000 pallets,Ahmedabad,Gujarat,"FSSAI, ISO 9001",2010,4,https://company194.example.com
Nova Logistics 195,Logistics Provider,Electronics,"Road, Air, Sea Logistics","Domestic, Export",3.7,82,No,17,250 kg,100 tons/month,Hyderabad,Madhya Pradesh,"CE, ISO 22000, NABL",2006,1,https://company195.example.com
Elite Logistics 196,Logistics Provider,Furniture,"Road, Air, Sea Logistics","Domestic, Export",4.8,377,Yes,5,500 kg,50 tons/month,Hyderabad,Telangana,"RoHS, ISO 22000, CE",2009,1,https://company196.example.com
Nova Logistics 197,Logistics Provider,Cosmetics,"Road, Air, Sea Logistics","Domestic, Export",3.8,632,Yes,32,250 kg,5000 pallets,Hyderabad,Maharashtra,"NABL, FSSAI, ISO 22000, ISO 9001",2024,8,https://company197.example.com
Nova Logistics 198,Logistics Provider,Nutraceutical,"Road, Air, Sea Logistics","Domestic, Export",4.2,1312,Yes,24,25 kg,100000 units/month,Indore,Madhya Pradesh,"CE, ISO 22000, Kosher, NABL",2002,8,https://company198.example.com
Prime Logistics 199,Logistics Provider,Electronics,"Road, Air, Sea Logistics","Domestic, Export",4.9,301,No,8,25 kg,100 tons/month,Indore,Karnataka,"RoHS, Kosher, NABL",1997,12,https://company199.example.com
Titan Logistics 200,Logistics Provider,Nutraceutical,"Road, Air, Sea Logistics","Domestic, Export",3.6,817,Yes,6,500 kg,100 tons/month,Mumbai,Telangana,"RoHS, Halal, NABL",2021,24,https://company200.example.com
Ultra Logistics 201,Logistics Provider,Cosmetics,"Road, Air, Sea Logistics","Domestic, Export",4.1,488,Yes,15,100 kg,5000 pallets,Ahmedabad,Maharashtra,"WHO GMP, Kosher",2009,4,https://company201.example.com
Prime Logistics 202,Logistics Provider,Electronics,"Road, Air, Sea Logistics","Domestic, Export",4.2,435,No,22,500 kg,250 tons/month,Indore,Gujarat,"WHO GMP, CE",2021,24,https://company202.example.com
Prime Logistics 203,Logistics Provider,Furniture,"Road, Air, Sea Logistics","Domestic, Export",3.7,681,Yes,8,5000 units,100 tons/month,Pune,Tamil Nadu,"ISO 9001, CE, WHO GMP, ISO 22000",1995,8,https://company203.example.com
Titan Logistics 204,Logistics Provider,Electronics,"Road, Air, Sea Logistics","Domestic, Export",4.5,521,Yes,32,25 kg,100 tons/month,Ahmedabad,Gujarat,"FSSAI, WHO GMP",2001,8,https://company204.example.com
Elite Logistics 205,Logistics Provider,Cosmetics,"Road, Air, Sea Logistics","Domestic, Export",4.3,1330,Yes,19,25 kg,50 tons/month,Ahmedabad,Maharashtra,"Kosher, WHO GMP, ISO 9001, NABL",1998,1,https://company205.example.com
Prime Logistics 206,Logistics Provider,Electronics,"Road, Air, Sea Logistics","Domestic, Export",3.7,1185,No,28,500 kg,50 tons/month,Hyderabad,Madhya Pradesh,"WHO GMP, RoHS, ISO 22000",2024,2,https://company206.example.com
Ultra Logistics 207,Logistics Provider,Cosmetics,"Road, Air, Sea Logistics","Domestic, Export",4.1,314,Yes,18,5000 units,250 tons/month,Hyderabad,Tamil Nadu,"Kosher, ISO 9001, NABL, WHO GMP",2007,2,https://company207.example.com
Nova Logistics 208,Logistics Provider,Electronics,"Road, Air, Sea Logistics","Domestic, Export",4.4,1086,Yes,4,500 kg,250 tons/month,Hyderabad,Karnataka,"RoHS, NABL, FSSAI",2003,2,https://company208.example.com
Ultra Logistics 209,Logistics Provider,Nutraceutical,"Road, Air, Sea Logistics","Domestic, Export",4.3,70,No,6,500 kg,5000 pallets,Pune,Karnataka,"WHO GMP, ISO 22000",2002,24,https://company209.example.com
Ultra Logistics 210,Logistics Provider,Pharmaceutical,"Road, Air, Sea Logistics","Domestic, Export",4.2,124,Yes,27,250 kg,100 tons/month,Mumbai,Maharashtra,"RoHS, NABL, CE, ISO 9001",2017,24,https://company210.example.com
Titan Quality 211,Quality Lab,Cosmetics,Testing Services,"Microbiology, Heavy Metals",4.2,1163,Yes,34,1000 kg,250 tons/month,Mumbai,Tamil Nadu,"ISO 22000, ISO 9001",2002,12,https://company211.example.com
Prime Quality 212,Quality Lab,Pharmaceutical,Testing Services,"Microbiology, Heavy Metals",4.2,11,No,15,100 kg,250 tons/month,Bengaluru,Maharashtra,"ISO 9001, NABL, ISO 22000",2013,24,https://company212.example.com
Prime Quality 213,Quality Lab,Pharmaceutical,Testing Services,"Microbiology, Heavy Metals",4.7,757,Yes,26,5000 units,100000 units/month,Chennai,Gujarat,"CE, RoHS, ISO 22000",2000,24,https://company213.example.com
Elite Quality 214,Quality Lab,Electronics,Testing Services,"Microbiology, Heavy Metals",4.8,1339,No,14,5000 units,5000 pallets,Bengaluru,Karnataka,"FSSAI, WHO GMP, NABL",2004,24,https://company214.example.com
Nova Quality 215,Quality Lab,Cosmetics,Testing Services,"Microbiology, Heavy Metals",3.7,13,No,5,100 kg,5000 pallets,Pune,Karnataka,"ISO 22000, Kosher",1999,4,https://company215.example.com
Nova Quality 216,Quality Lab,Nutraceutical,Testing Services,"Microbiology, Heavy Metals",3.9,664,Yes,8,5000 units,250 tons/month,Hyderabad,Gujarat,"FSSAI, NABL, RoHS",1997,4,https://company216.example.com
Prime Quality 217,Quality Lab,Cosmetics,Testing Services,"Microbiology, Heavy Metals",4.5,108,No,31,5000 units,100000 units/month,Mumbai,Tamil Nadu,"Halal, RoHS, CE",2007,1,https://company217.example.com
Titan Quality 218,Quality Lab,Electronics,Testing Services,"Microbiology, Heavy Metals",4.4,1417,Yes,13,500 kg,50 tons/month,Indore,Gujarat,"ISO 9001, RoHS, WHO GMP",1998,1,https://company218.example.com
Nova Quality 219,Quality Lab,Cosmetics,Testing Services,"Microbiology, Heavy Metals",4.7,339,Yes,8,250 kg,5000 pallets,Chennai,Tamil Nadu,"ISO 9001, Halal, RoHS, ISO 22000",2014,8,https://company219.example.com
Prime Quality 220,Quality Lab,Pharmaceutical,Testing Services,"Microbiology, Heavy Metals",3.6,430,Yes,29,5000 units,5000 pallets,Bengaluru,Madhya Pradesh,"CE, NABL, WHO GMP, ISO 22000",1998,1,https://company220.example.com
Titan Quality 221,Quality Lab,Electronics,Testing Services,"Microbiology, Heavy Metals",4.2,1015,Yes,6,250 kg,50 tons/month,Hyderabad,Gujarat,"Kosher, FSSAI, ISO 9001",1995,2,https://company221.example.com
Elite Quality 222,Quality Lab,Pharmaceutical,Testing Services,"Microbiology, Heavy Metals",3.8,177,No,10,250 kg,100000 units/month,Hyderabad,Tamil Nadu,"CE, ISO 22000, RoHS, NABL",2007,2,https://company222.example.com
Core Quality 223,Quality Lab,Cosmetics,Testing Services,"Microbiology, Heavy Metals",4.0,922,Yes,19,500 kg,100000 units/month,Pune,Maharashtra,"ISO 9001, WHO GMP, Halal",2017,24,https://company223.example.com
Prime Quality 224,Quality Lab,Nutraceutical,Testing Services,"Microbiology, Heavy Metals",4.4,1118,No,17,1000 kg,50 tons/month,Indore,Tamil Nadu,"Halal, Kosher, CE, ISO 22000",2010,4,https://company224.example.com
Core Quality 225,Quality Lab,Nutraceutical,Testing Services,"Microbiology, Heavy Metals",4.8,1472,Yes,35,1000 kg,5000 pallets,Indore,Karnataka,"WHO GMP, ISO 22000, Halal, FSSAI",2000,2,https://company225.example.com
Nova Quality 226,Quality Lab,Pharmaceutical,Testing Services,"Microbiology, Heavy Metals",3.6,877,Yes,30,100 kg,100 tons/month,Indore,Karnataka,"RoHS, ISO 22000, ISO 9001",2007,12,https://company226.example.com
Titan Quality 227,Quality Lab,Electronics,Testing Services,"Microbiology, Heavy Metals",3.9,575,No,3,5000 units,5000 pallets,Chennai,Karnataka,"ISO 22000, Halal, NABL",1999,12,https://company227.example.com
Titan Quality 228,Quality Lab,Furniture,Testing Services,"Microbiology, Heavy Metals",4.5,215,Yes,9,250 kg,5000 pallets,Pune,Tamil Nadu,"Halal, Kosher, CE",2014,8,https://company228.example.com
Nova Quality 229,Quality Lab,Nutraceutical,Testing Services,"Microbiology, Heavy Metals",3.8,304,No,5,500 kg,250 tons/month,Bengaluru,Maharashtra,"Kosher, CE",2023,4,https://company229.example.com
Ultra Quality 230,Quality Lab,Nutraceutical,Testing Services,"Microbiology, Heavy Metals",4.6,630,No,20,500 kg,50 tons/month,Indore,Maharashtra,"CE, Kosher",2019,4,https://company230.example.com
Elite Machinery 231,Machinery Supplier,Cosmetics,"Ribbon Blender, Filling Machine","Installation, AMC",4.0,1332,Yes,15,500 kg,100 tons/month,Indore,Tamil Nadu,"Kosher, RoHS, Halal, ISO 9001",2011,2,https://company231.example.com
Ultra Machinery 232,Machinery Supplier,Nutraceutical,"Ribbon Blender, Filling Machine","Installation, AMC",4.5,836,Yes,4,100 kg,100 tons/month,Indore,Maharashtra,"FSSAI, ISO 9001",2009,1,https://company232.example.com
Elite Machinery 233,Machinery Supplier,Cosmetics,"Ribbon Blender, Filling Machine","Installation, AMC",3.7,764,No,35,500 kg,50 tons/month,Bengaluru,Gujarat,"RoHS, Kosher",2014,8,https://company233.example.com
Core Machinery 234,Machinery Supplier,Pharmaceutical,"Ribbon Blender, Filling Machine","Installation, AMC",4.3,726,No,13,250 kg,50 tons/month,Pune,Gujarat,"ISO 9001, WHO GMP, Halal",2013,2,https://company234.example.com
Elite Machinery 235,Machinery Supplier,Pharmaceutical,"Ribbon Blender, Filling Machine","Installation, AMC",3.7,433,No,29,1000 kg,50 tons/month,Indore,Madhya Pradesh,"Kosher, WHO GMP",2015,2,https://company235.example.com
Prime Machinery 236,Machinery Supplier,Furniture,"Ribbon Blender, Filling Machine","Installation, AMC",3.7,1255,No,20,500 kg,100000 units/month,Indore,Telangana,"CE, FSSAI, Kosher",2004,24,https://company236.example.com
Titan Machinery 237,Machinery Supplier,Furniture,"Ribbon Blender, Filling Machine","Installation, AMC",4.0,219,Yes,35,5000 units,250 tons/month,Chennai,Madhya Pradesh,"CE, NABL, RoHS, ISO 9001",2010,1,https://company237.example.com
Ultra Machinery 238,Machinery Supplier,Cosmetics,"Ribbon Blender, Filling Machine","Installation, AMC",4.4,577,No,22,100 kg,100 tons/month,Chennai,Maharashtra,"Halal, RoHS",2016,2,https://company238.example.com
Elite Machinery 239,Machinery Supplier,Nutraceutical,"Ribbon Blender, Filling Machine","Installation, AMC",4.1,615,No,29,500 kg,100000 units/month,Bengaluru,Gujarat,"FSSAI, RoHS, Kosher, Halal",2002,24,https://company239.example.com
Elite Machinery 240,Machinery Supplier,Furniture,"Ribbon Blender, Filling Machine","Installation, AMC",4.6,1385,No,35,250 kg,100 tons/month,Indore,Madhya Pradesh,"WHO GMP, CE, ISO 9001, FSSAI",1999,24,https://company240.example.com
Elite Machinery 241,Machinery Supplier,Cosmetics,"Ribbon Blender, Filling Machine","Installation, AMC",4.6,384,No,8,100 kg,250 tons/month,Mumbai,Madhya Pradesh,"Halal, RoHS, WHO GMP",2003,12,https://company241.example.com
Core Machinery 242,Machinery Supplier,Cosmetics,"Ribbon Blender, Filling Machine","Installation, AMC",4.7,973,Yes,7,500 kg,100 tons/month,Chennai,Gujarat,"Halal, CE, FSSAI, ISO 9001",2022,2,https://company242.example.com
Nova Machinery 243,Machinery Supplier,Pharmaceutical,"Ribbon Blender, Filling Machine","Installation, AMC",3.9,1176,No,12,250 kg,100 tons/month,Indore,Gujarat,"RoHS, WHO GMP, Kosher",2015,1,https://company243.example.com
Core Machinery 244,Machinery Supplier,Nutraceutical,"Ribbon Blender, Filling Machine","Installation, AMC",3.8,355,Yes,34,25 kg,100 tons/month,Chennai,Tamil Nadu,"Halal, NABL, FSSAI, Kosher",2007,1,https://company244.example.com
Titan Machinery 245,Machinery Supplier,Nutraceutical,"Ribbon Blender, Filling Machine","Installation, AMC",3.7,774,Yes,23,1000 kg,100 tons/month,Ahmedabad,Madhya Pradesh,"FSSAI, NABL",2017,4,https://company245.example.com
Nova Machinery 246,Machinery Supplier,Cosmetics,"Ribbon Blender, Filling Machine","Installation, AMC",3.6,1040,No,13,25 kg,50 tons/month,Pune,Telangana,"NABL, RoHS, FSSAI",2023,24,https://company246.example.com
Ultra Machinery 247,Machinery Supplier,Pharmaceutical,"Ribbon Blender, Filling Machine","Installation, AMC",4.9,1013,No,15,100 kg,100000 units/month,Ahmedabad,Maharashtra,"WHO GMP, FSSAI",2018,1,https://company247.example.com
Titan Machinery 248,Machinery Supplier,Furniture,"Ribbon Blender, Filling Machine","Installation, AMC",3.7,760,Yes,27,5000 units,250 tons/month,Indore,Karnataka,"ISO 9001, NABL, RoHS, Kosher",2015,1,https://company248.example.com
Elite Machinery 249,Machinery Supplier,Nutraceutical,"Ribbon Blender, Filling Machine","Installation, AMC",3.6,919,No,10,1000 kg,250 tons/month,Hyderabad,Madhya Pradesh,"FSSAI, ISO 9001",2004,8,https://company249.example.com
Elite Machinery 250,Machinery Supplier,Nutraceutical,"Ribbon Blender, Filling Machine","Installation, AMC",4.2,1285,Yes,29,25 kg,5000 pallets,Bengaluru,Karnataka,"CE, ISO 22000",2020,1,https://company250.example.com
Nova Certification 251,Certification Agency,Electronics,"ISO, GMP, HACCP","Audit, Certification",4.3,548,Yes,25,5000 units,100000 units/month,Pune,Maharashtra,"NABL, Kosher",2024,2,https://company251.example.com
Ultra Certification 252,Certification Agency,Electronics,"ISO, GMP, HACCP","Audit, Certification",3.8,36,Yes,10,1000 kg,100000 units/month,Mumbai,Gujarat,"ISO 22000, NABL, WHO GMP, RoHS",2002,8,https://company252.example.com
Ultra Certification 253,Certification Agency,Cosmetics,"ISO, GMP, HACCP","Audit, Certification",4.1,214,Yes,5,250 kg,250 tons/month,Indore,Madhya Pradesh,"Halal, ISO 22000, ISO 9001",2022,1,https://company253.example.com
Nova Certification 254,Certification Agency,Nutraceutical,"ISO, GMP, HACCP","Audit, Certification",4.4,359,No,25,500 kg,5000 pallets,Pune,Madhya Pradesh,"RoHS, NABL",2000,1,https://company254.example.com
Core Certification 255,Certification Agency,Electronics,"ISO, GMP, HACCP","Audit, Certification",4.8,566,No,33,500 kg,100 tons/month,Ahmedabad,Maharashtra,"ISO 9001, WHO GMP, NABL, FSSAI",2024,12,https://company255.example.com
Titan Certification 256,Certification Agency,Electronics,"ISO, GMP, HACCP","Audit, Certification",4.4,381,No,25,1000 kg,50 tons/month,Indore,Madhya Pradesh,"WHO GMP, Kosher, FSSAI, ISO 9001",2023,8,https://company256.example.com
Prime Certification 257,Certification Agency,Electronics,"ISO, GMP, HACCP","Audit, Certification",3.5,1351,No,3,5000 units,5000 pallets,Indore,Madhya Pradesh,"FSSAI, RoHS, CE, Halal",2017,24,https://company257.example.com
Prime Certification 258,Certification Agency,Furniture,"ISO, GMP, HACCP","Audit, Certification",4.0,1498,Yes,33,250 kg,100000 units/month,Mumbai,Karnataka,"ISO 9001, NABL, RoHS, ISO 22000",2011,8,https://company258.example.com
Nova Certification 259,Certification Agency,Electronics,"ISO, GMP, HACCP","Audit, Certification",3.5,1016,No,18,250 kg,250 tons/month,Ahmedabad,Karnataka,"NABL, Halal",2007,2,https://company259.example.com
Core Certification 260,Certification Agency,Nutraceutical,"ISO, GMP, HACCP","Audit, Certification",4.1,1183,No,8,500 kg,100000 units/month,Pune,Gujarat,"ISO 9001, ISO 22000, FSSAI",2008,1,https://company260.example.com
Titan Certification 261,Certification Agency,Furniture,"ISO, GMP, HACCP","Audit, Certification",3.4,196,No,35,1000 kg,100 tons/month,Bengaluru,Madhya Pradesh,"RoHS, NABL, Halal",1996,2,https://company261.example.com
Ultra Certification 262,Certification Agency,Electronics,"ISO, GMP, HACCP","Audit, Certification",4.2,1279,No,26,5000 units,100000 units/month,Ahmedabad,Gujarat,"FSSAI, ISO 9001, WHO GMP, Halal",2021,24,https://company262.example.com
Titan Certification 263,Certification Agency,Cosmetics,"ISO, GMP, HACCP","Audit, Certification",4.2,1447,Yes,5,100 kg,100000 units/month,Mumbai,Madhya Pradesh,"Halal, ISO 22000, WHO GMP, CE",2001,2,https://company263.example.com
Core Certification 264,Certification Agency,Nutraceutical,"ISO, GMP, HACCP","Audit, Certification",3.7,400,No,9,500 kg,50 tons/month,Bengaluru,Madhya Pradesh,"ISO 22000, Kosher, FSSAI, RoHS",2013,12,https://company264.example.com
Core Certification 265,Certification Agency,Pharmaceutical,"ISO, GMP, HACCP","Audit, Certification",3.4,109,No,33,1000 kg,100 tons/month,Bengaluru,Karnataka,"WHO GMP, ISO 22000",2007,24,https://company265.example.com
Titan Consultant 266,Consultant,Furniture,Manufacturing Consulting,"Supply Chain, Compliance",4.7,1042,No,29,1000 kg,100 tons/month,Pune,Tamil Nadu,"CE, Kosher, Halal",1999,2,https://company266.example.com
Titan Consultant 267,Consultant,Electronics,Manufacturing Consulting,"Supply Chain, Compliance",4.5,1059,No,23,5000 units,5000 pallets,Bengaluru,Maharashtra,"FSSAI, CE",2016,4,https://company267.example.com
Elite Consultant 268,Consultant,Pharmaceutical,Manufacturing Consulting,"Supply Chain, Compliance",4.4,374,No,10,250 kg,5000 pallets,Hyderabad,Karnataka,"Halal, CE, NABL, FSSAI",2020,1,https://company268.example.com
Prime Consultant 269,Consultant,Furniture,Manufacturing Consulting,"Supply Chain, Compliance",3.4,307,Yes,6,100 kg,250 tons/month,Indore,Maharashtra,"CE, WHO GMP, Halal",1996,24,https://company269.example.com
Nova Consultant 270,Consultant,Cosmetics,Manufacturing Consulting,"Supply Chain, Compliance",4.5,76,No,31,25 kg,5000 pallets,Indore,Madhya Pradesh,"NABL, FSSAI, RoHS, Halal",2012,8,https://company270.example.com
Titan Consultant 271,Consultant,Pharmaceutical,Manufacturing Consulting,"Supply Chain, Compliance",4.6,1435,No,6,500 kg,100000 units/month,Hyderabad,Madhya Pradesh,"NABL, ISO 9001, Kosher",2018,4,https://company271.example.com
Titan Consultant 272,Consultant,Pharmaceutical,Manufacturing Consulting,"Supply Chain, Compliance",4.7,917,Yes,26,1000 kg,5000 pallets,Bengaluru,Karnataka,"FSSAI, CE",2009,2,https://company272.example.com
Nova Consultant 273,Consultant,Nutraceutical,Manufacturing Consulting,"Supply Chain, Compliance",4.8,1062,Yes,27,25 kg,100000 units/month,Pune,Karnataka,"WHO GMP, NABL, CE",2022,4,https://company273.example.com
Ultra Consultant 274,Consultant,Nutraceutical,Manufacturing Consulting,"Supply Chain, Compliance",4.1,327,Yes,12,250 kg,5000 pallets,Ahmedabad,Madhya Pradesh,"CE, Kosher, Halal, NABL",2012,4,https://company274.example.com
Elite Consultant 275,Consultant,Nutraceutical,Manufacturing Consulting,"Supply Chain, Compliance",3.9,460,Yes,7,1000 kg,100 tons/month,Hyderabad,Karnataka,"Halal, ISO 22000, WHO GMP, Kosher",2023,2,https://company275.example.com
Ultra Consultant 276,Consultant,Cosmetics,Manufacturing Consulting,"Supply Chain, Compliance",3.9,457,No,3,25 kg,250 tons/month,Hyderabad,Maharashtra,"FSSAI, ISO 9001, RoHS, WHO GMP",2007,1,https://company276.example.com
Ultra Consultant 277,Consultant,Electronics,Manufacturing Consulting,"Supply Chain, Compliance",4.2,589,Yes,26,1000 kg,5000 pallets,Hyderabad,Tamil Nadu,"CE, FSSAI",2005,12,https://company277.example.com
Prime Consultant 278,Consultant,Nutraceutical,Manufacturing Consulting,"Supply Chain, Compliance",3.7,1111,Yes,7,100 kg,100 tons/month,Indore,Madhya Pradesh,"ISO 22000, FSSAI, CE",2021,24,https://company278.example.com
Elite Consultant 279,Consultant,Electronics,Manufacturing Consulting,"Supply Chain, Compliance",4.6,157,Yes,4,500 kg,250 tons/month,Ahmedabad,Gujarat,"ISO 9001, WHO GMP",2020,4,https://company279.example.com
Prime Consultant 280,Consultant,Furniture,Manufacturing Consulting,"Supply Chain, Compliance",4.3,476,No,29,500 kg,100000 units/month,Bengaluru,Tamil Nadu,"RoHS, ISO 9001, FSSAI",2016,1,https://company280.example.com
